[
  {
    "name": "Afghanistan",
    "capital": "Kabul",
    "region": "Asia",
    "population": 40218234,
    "png": "https://upload.wikimedia.org/wikipedia/commons/thumb/5/5c/Flag_of_the_Taliban.svg/320px-Flag_of_the_Taliban.svg.png"
  },
  {
    "name": "Åland Islands",
    "capital": "Mariehamn",
    "region": "Europe",
    "population": 28875,
    "png": "https://flagcdn.com/w320/ax.png"
  },
  {
    "name": "Albania",
    "capital": "Tirana",
    "region": "Europe",
    "population": 2837743,
    "png": "https://flagcdn.com/w320/al.png"
  },
  {
    "name": "Algeria",
    "capital": "Algiers",
    "region": "Africa",
    "population": 44700000,
    "png": "https://flagcdn.com/w320/dz.png"
  },
  {
    "name": "American Samoa",
    "capital": "Pago Pago",
    "region": "Oceania",
    "population": 55197,
    "png": "https://flagcdn.com/w320/as.png"
  },
  {
    "name": "Andorra",
    "capital": "Andorra la Vella",
    "region": "Europe",
    "population": 77265,
    "png": "https://flagcdn.com/w320/ad.png"
  },
  {
    "name": "Angola",
    "capital": "Luanda",
    "region": "Africa",
    "population": 32866268,
    "png": "https://flagcdn.com/w320/ao.png"
  },
  {
    "name": "Anguilla",
    "capital": "The Valley",
    "region": "Americas",
    "population": 13452,
    "png": "https://flagcdn.com/w320/ai.png"
  },
  {
    "name": "Antarctica",
    "region": "Polar",
    "population": 1000,
    "capital": null,
    "png": "https://flagcdn.com/w320/aq.png"
  },
  {
    "name": "Antigua and Barbuda",
    "capital": "Saint John's",
    "region": "Americas",
    "population": 97928,
    "png": "https://flagcdn.com/w320/ag.png"
  },
  {
    "name": "Argentina",
    "capital": "Buenos Aires",
    "region": "Americas",
    "population": 45376763,
    "png": "https://flagcdn.com/w320/ar.png"
  },
  {
    "name": "Armenia",
    "capital": "Yerevan",
    "region": "Asia",
    "population": 2963234,
    "png": "https://flagcdn.com/w320/am.png"
  },
  {
    "name": "Aruba",
    "capital": "Oranjestad",
    "region": "Americas",
    "population": 106766,
    "png": "https://flagcdn.com/w320/aw.png"
  },
  {
    "name": "Australia",
    "capital": "Canberra",
    "region": "Oceania",
    "population": 25687041,
    "png": "https://flagcdn.com/w320/au.png"
  },
  {
    "name": "Austria",
    "capital": "Vienna",
    "region": "Europe",
    "population": 8917205,
    "png": "https://flagcdn.com/w320/at.png"
  },
  {
    "name": "Azerbaijan",
    "capital": "Baku",
    "region": "Asia",
    "population": 10110116,
    "png": "https://flagcdn.com/w320/az.png"
  },
  {
    "name": "Bahamas",
    "capital": "Nassau",
    "region": "Americas",
    "population": 393248,
    "png": "https://flagcdn.com/w320/bs.png"
  },
  {
    "name": "Bahrain",
    "capital": "Manama",
    "region": "Asia",
    "population": 1701583,
    "png": "https://flagcdn.com/w320/bh.png"
  },
  {
    "name": "Bangladesh",
    "capital": "Dhaka",
    "region": "Asia",
    "population": 164689383,
    "png": "https://flagcdn.com/w320/bd.png"
  },
  {
    "name": "Barbados",
    "capital": "Bridgetown",
    "region": "Americas",
    "population": 287371,
    "png": "https://flagcdn.com/w320/bb.png"
  },
  {
    "name": "Belarus",
    "capital": "Minsk",
    "region": "Europe",
    "population": 9398861,
    "png": "https://flagcdn.com/w320/by.png"
  },
  {
    "name": "Belgium",
    "capital": "Brussels",
    "region": "Europe",
    "population": 11555997,
    "png": "https://flagcdn.com/w320/be.png"
  },
  {
    "name": "Belize",
    "capital": "Belmopan",
    "region": "Americas",
    "population": 397621,
    "png": "https://flagcdn.com/w320/bz.png"
  },
  {
    "name": "Benin",
    "capital": "Porto-Novo",
    "region": "Africa",
    "population": 12123198,
    "png": "https://flagcdn.com/w320/bj.png"
  },
  {
    "name": "Bermuda",
    "capital": "Hamilton",
    "region": "Americas",
    "population": 63903,
    "png": "https://flagcdn.com/w320/bm.png"
  },
  {
    "name": "Bhutan",
    "capital": "Thimphu",
    "region": "Asia",
    "population": 771612,
    "png": "https://flagcdn.com/w320/bt.png"
  },
  {
    "name": "Bolivia (Plurinational State of)",
    "capital": "Sucre",
    "region": "Americas",
    "population": 11673029,
    "png": "https://flagcdn.com/w320/bo.png"
  },
  {
    "name": "Bonaire, Sint Eustatius and Saba",
    "capital": "Kralendijk",
    "region": "Americas",
    "population": 17408,
    "png": "https://flagcdn.com/w320/bq.png"
  },
  {
    "name": "Bosnia and Herzegovina",
    "capital": "Sarajevo",
    "region": "Europe",
    "population": 3280815,
    "png": "https://flagcdn.com/w320/ba.png"
  },
  {
    "name": "Botswana",
    "capital": "Gaborone",
    "region": "Africa",
    "population": 2351625,
    "png": "https://flagcdn.com/w320/bw.png"
  },
  {
    "name": "Bouvet Island",
    "region": "Antarctic Ocean",
    "population": 0,
    "capital": null,
    "png": "https://flagcdn.com/w320/bv.png"
  },
  {
    "name": "Brazil",
    "capital": "Brasília",
    "region": "Americas",
    "population": 212559409,
    "png": "https://flagcdn.com/w320/br.png"
  },
  {
    "name": "British Indian Ocean Territory",
    "capital": "Diego Garcia",
    "region": "Africa",
    "population": 3000,
    "png": "https://flagcdn.com/w320/io.png"
  },
  {
    "name": "United States Minor Outlying Islands",
    "region": "Americas",
    "population": 300,
    "capital": null,
    "png": "https://flagcdn.com/w320/um.png"
  },
  {
    "name": "Virgin Islands (British)",
    "capital": "Road Town",
    "region": "Americas",
    "population": 30237,
    "png": "https://flagcdn.com/w320/vg.png"
  },
  {
    "name": "Virgin Islands (U.S.)",
    "capital": "Charlotte Amalie",
    "region": "Americas",
    "population": 106290,
    "png": "https://flagcdn.com/w320/vi.png"
  },
  {
    "name": "Brunei Darussalam",
    "capital": "Bandar Seri Begawan",
    "region": "Asia",
    "population": 437483,
    "png": "https://flagcdn.com/w320/bn.png"
  },
  {
    "name": "Bulgaria",
    "capital": "Sofia",
    "region": "Europe",
    "population": 6927288,
    "png": "https://flagcdn.com/w320/bg.png"
  },
  {
    "name": "Burkina Faso",
    "capital": "Ouagadougou",
    "region": "Africa",
    "population": 20903278,
    "png": "https://flagcdn.com/w320/bf.png"
  },
  {
    "name": "Burundi",
    "capital": "Gitega",
    "region": "Africa",
    "population": 11890781,
    "png": "https://flagcdn.com/w320/bi.png"
  },
  {
    "name": "Cambodia",
    "capital": "Phnom Penh",
    "region": "Asia",
    "population": 16718971,
    "png": "https://flagcdn.com/w320/kh.png"
  },
  {
    "name": "Cameroon",
    "capital": "Yaoundé",
    "region": "Africa",
    "population": 26545864,
    "png": "https://flagcdn.com/w320/cm.png"
  },
  {
    "name": "Canada",
    "capital": "Ottawa",
    "region": "Americas",
    "population": 38005238,
    "png": "https://flagcdn.com/w320/ca.png"
  },
  {
    "name": "Cabo Verde",
    "capital": "Praia",
    "region": "Africa",
    "population": 555988,
    "png": "https://flagcdn.com/w320/cv.png"
  },
  {
    "name": "Cayman Islands",
    "capital": "George Town",
    "region": "Americas",
    "population": 65720,
    "png": "https://flagcdn.com/w320/ky.png"
  },
  {
    "name": "Central African Republic",
    "capital": "Bangui",
    "region": "Africa",
    "population": 4829764,
    "png": "https://flagcdn.com/w320/cf.png"
  },
  {
    "name": "Chad",
    "capital": "N'Djamena",
    "region": "Africa",
    "population": 16425859,
    "png": "https://flagcdn.com/w320/td.png"
  },
  {
    "name": "Chile",
    "capital": "Santiago",
    "region": "Americas",
    "population": 19116209,
    "png": "https://flagcdn.com/w320/cl.png"
  },
  {
    "name": "China",
    "capital": "Beijing",
    "region": "Asia",
    "population": 1402112000,
    "png": "https://flagcdn.com/w320/cn.png"
  },
  {
    "name": "Christmas Island",
    "capital": "Flying Fish Cove",
    "region": "Oceania",
    "population": 2072,
    "png": "https://flagcdn.com/w320/cx.png"
  },
  {
    "name": "Cocos (Keeling) Islands",
    "capital": "West Island",
    "region": "Oceania",
    "population": 550,
    "png": "https://flagcdn.com/w320/cc.png"
  },
  {
    "name": "Colombia",
    "capital": "Bogotá",
    "region": "Americas",
    "population": 50882884,
    "png": "https://flagcdn.com/w320/co.png"
  },
  {
    "name": "Comoros",
    "capital": "Moroni",
    "region": "Africa",
    "population": 869595,
    "png": "https://flagcdn.com/w320/km.png"
  },
  {
    "name": "Congo",
    "capital": "Brazzaville",
    "region": "Africa",
    "population": 5518092,
    "png": "https://flagcdn.com/w320/cg.png"
  },
  {
    "name": "Congo (Democratic Republic of the)",
    "capital": "Kinshasa",
    "region": "Africa",
    "population": 89561404,
    "png": "https://flagcdn.com/w320/cd.png"
  },
  {
    "name": "Cook Islands",
    "capital": "Avarua",
    "region": "Oceania",
    "population": 18100,
    "png": "https://flagcdn.com/w320/ck.png"
  },
  {
    "name": "Costa Rica",
    "capital": "San José",
    "region": "Americas",
    "population": 5094114,
    "png": "https://flagcdn.com/w320/cr.png"
  },
  {
    "name": "Croatia",
    "capital": "Zagreb",
    "region": "Europe",
    "population": 4047200,
    "png": "https://flagcdn.com/w320/hr.png"
  },
  {
    "name": "Cuba",
    "capital": "Havana",
    "region": "Americas",
    "population": 11326616,
    "png": "https://flagcdn.com/w320/cu.png"
  },
  {
    "name": "Curaçao",
    "capital": "Willemstad",
    "region": "Americas",
    "population": 155014,
    "png": "https://flagcdn.com/w320/cw.png"
  },
  {
    "name": "Cyprus",
    "capital": "Nicosia",
    "region": "Europe",
    "population": 1207361,
    "png": "https://flagcdn.com/w320/cy.png"
  },
  {
    "name": "Czech Republic",
    "capital": "Prague",
    "region": "Europe",
    "population": 10698896,
    "png": "https://flagcdn.com/w320/cz.png"
  },
  {
    "name": "Denmark",
    "capital": "Copenhagen",
    "region": "Europe",
    "population": 5831404,
    "png": "https://flagcdn.com/w320/dk.png"
  },
  {
    "name": "Djibouti",
    "capital": "Djibouti",
    "region": "Africa",
    "population": 988002,
    "png": "https://flagcdn.com/w320/dj.png"
  },
  {
    "name": "Dominica",
    "capital": "Roseau",
    "region": "Americas",
    "population": 71991,
    "png": "https://flagcdn.com/w320/dm.png"
  },
  {
    "name": "Dominican Republic",
    "capital": "Santo Domingo",
    "region": "Americas",
    "population": 10847904,
    "png": "https://flagcdn.com/w320/do.png"
  },
  {
    "name": "Ecuador",
    "capital": "Quito",
    "region": "Americas",
    "population": 17643060,
    "png": "https://flagcdn.com/w320/ec.png"
  },
  {
    "name": "Egypt",
    "capital": "Cairo",
    "region": "Africa",
    "population": 102334403,
    "png": "https://flagcdn.com/w320/eg.png"
  },
  {
    "name": "El Salvador",
    "capital": "San Salvador",
    "region": "Americas",
    "population": 6486201,
    "png": "https://flagcdn.com/w320/sv.png"
  },
  {
    "name": "Equatorial Guinea",
    "capital": "Malabo",
    "region": "Africa",
    "population": 1402985,
    "png": "https://flagcdn.com/w320/gq.png"
  },
  {
    "name": "Eritrea",
    "capital": "Asmara",
    "region": "Africa",
    "population": 5352000,
    "png": "https://flagcdn.com/w320/er.png"
  },
  {
    "name": "Estonia",
    "capital": "Tallinn",
    "region": "Europe",
    "population": 1331057,
    "png": "https://flagcdn.com/w320/ee.png"
  },
  {
    "name": "Ethiopia",
    "capital": "Addis Ababa",
    "region": "Africa",
    "population": 114963583,
    "png": "https://flagcdn.com/w320/et.png"
  },
  {
    "name": "Falkland Islands (Malvinas)",
    "capital": "Stanley",
    "region": "Americas",
    "population": 2563,
    "png": "https://flagcdn.com/w320/fk.png"
  },
  {
    "name": "Faroe Islands",
    "capital": "Tórshavn",
    "region": "Europe",
    "population": 48865,
    "png": "https://flagcdn.com/w320/fo.png"
  },
  {
    "name": "Fiji",
    "capital": "Suva",
    "region": "Oceania",
    "population": 896444,
    "png": "https://flagcdn.com/w320/fj.png"
  },
  {
    "name": "Finland",
    "capital": "Helsinki",
    "region": "Europe",
    "population": 5530719,
    "png": "https://flagcdn.com/w320/fi.png"
  },
  {
    "name": "France",
    "capital": "Paris",
    "region": "Europe",
    "population": 67391582,
    "png": "https://flagcdn.com/w320/fr.png"
  },
  {
    "name": "French Guiana",
    "capital": "Cayenne",
    "region": "Americas",
    "population": 254541,
    "png": "https://flagcdn.com/w320/gf.png"
  },
  {
    "name": "French Polynesia",
    "capital": "Papeetē",
    "region": "Oceania",
    "population": 280904,
    "png": "https://flagcdn.com/w320/pf.png"
  },
  {
    "name": "French Southern Territories",
    "capital": "Port-aux-Français",
    "region": "Africa",
    "population": 140,
    "png": "https://flagcdn.com/w320/tf.png"
  },
  {
    "name": "Gabon",
    "capital": "Libreville",
    "region": "Africa",
    "population": 2225728,
    "png": "https://flagcdn.com/w320/ga.png"
  },
  {
    "name": "Gambia",
    "capital": "Banjul",
    "region": "Africa",
    "population": 2416664,
    "png": "https://flagcdn.com/w320/gm.png"
  },
  {
    "name": "Georgia",
    "capital": "Tbilisi",
    "region": "Asia",
    "population": 3714000,
    "png": "https://flagcdn.com/w320/ge.png"
  },
  {
    "name": "Germany",
    "capital": "Berlin",
    "region": "Europe",
    "population": 83240525,
    "png": "https://flagcdn.com/w320/de.png"
  },
  {
    "name": "Ghana",
    "capital": "Accra",
    "region": "Africa",
    "population": 31072945,
    "png": "https://flagcdn.com/w320/gh.png"
  },
  {
    "name": "Gibraltar",
    "capital": "Gibraltar",
    "region": "Europe",
    "population": 33691,
    "png": "https://flagcdn.com/w320/gi.png"
  },
  {
    "name": "Greece",
    "capital": "Athens",
    "region": "Europe",
    "population": 10715549,
    "png": "https://flagcdn.com/w320/gr.png"
  },
  {
    "name": "Greenland",
    "capital": "Nuuk",
    "region": "Americas",
    "population": 56367,
    "png": "https://flagcdn.com/w320/gl.png"
  },
  {
    "name": "Grenada",
    "capital": "St. George's",
    "region": "Americas",
    "population": 112519,
    "png": "https://flagcdn.com/w320/gd.png"
  },
  {
    "name": "Guadeloupe",
    "capital": "Basse-Terre",
    "region": "Americas",
    "population": 400132,
    "png": "https://flagcdn.com/w320/gp.png"
  },
  {
    "name": "Guam",
    "capital": "Hagåtña",
    "region": "Oceania",
    "population": 168783,
    "png": "https://flagcdn.com/w320/gu.png"
  },
  {
    "name": "Guatemala",
    "capital": "Guatemala City",
    "region": "Americas",
    "population": 16858333,
    "png": "https://flagcdn.com/w320/gt.png"
  },
  {
    "name": "Guernsey",
    "capital": "St. Peter Port",
    "region": "Europe",
    "population": 62999,
    "png": "https://flagcdn.com/w320/gg.png"
  },
  {
    "name": "Guinea",
    "capital": "Conakry",
    "region": "Africa",
    "population": 13132792,
    "png": "https://flagcdn.com/w320/gn.png"
  },
  {
    "name": "Guinea-Bissau",
    "capital": "Bissau",
    "region": "Africa",
    "population": 1967998,
    "png": "https://flagcdn.com/w320/gw.png"
  },
  {
    "name": "Guyana",
    "capital": "Georgetown",
    "region": "Americas",
    "population": 786559,
    "png": "https://flagcdn.com/w320/gy.png"
  },
  {
    "name": "Haiti",
    "capital": "Port-au-Prince",
    "region": "Americas",
    "population": 11402533,
    "png": "https://flagcdn.com/w320/ht.png"
  },
  {
    "name": "Heard Island and McDonald Islands",
    "region": "Antarctic",
    "population": 0,
    "capital": null,
    "png": "https://flagcdn.com/w320/hm.png"
  },
  {
    "name": "Vatican City",
    "capital": "Vatican City",
    "region": "Europe",
    "population": 451,
    "png": "https://flagcdn.com/w320/va.png"
  },
  {
    "name": "Honduras",
    "capital": "Tegucigalpa",
    "region": "Americas",
    "population": 9904608,
    "png": "https://flagcdn.com/w320/hn.png"
  },
  {
    "name": "Hungary",
    "capital": "Budapest",
    "region": "Europe",
    "population": 9749763,
    "png": "https://flagcdn.com/w320/hu.png"
  },
  {
    "name": "Hong Kong",
    "capital": "City of Victoria",
    "region": "Asia",
    "population": 7481800,
    "png": "https://flagcdn.com/w320/hk.png"
  },
  {
    "name": "Iceland",
    "capital": "Reykjavík",
    "region": "Europe",
    "population": 366425,
    "png": "https://flagcdn.com/w320/is.png"
  },
  {
    "name": "India",
    "capital": "New Delhi",
    "region": "Asia",
    "population": 1380004385,
    "png": "https://flagcdn.com/w320/in.png"
  },
  {
    "name": "Indonesia",
    "capital": "Jakarta",
    "region": "Asia",
    "population": 273523621,
    "png": "https://flagcdn.com/w320/id.png"
  },
  {
    "name": "Ivory Coast",
    "capital": "Yamoussoukro",
    "region": "Africa",
    "population": 26378275,
    "png": "https://flagcdn.com/w320/ci.png"
  },
  {
    "name": "Iran (Islamic Republic of)",
    "capital": "Tehran",
    "region": "Asia",
    "population": 83992953,
    "png": "https://flagcdn.com/w320/ir.png"
  },
  {
    "name": "Iraq",
    "capital": "Baghdad",
    "region": "Asia",
    "population": 40222503,
    "png": "https://flagcdn.com/w320/iq.png"
  },
  {
    "name": "Ireland",
    "capital": "Dublin",
    "region": "Europe",
    "population": 4994724,
    "png": "https://flagcdn.com/w320/ie.png"
  },
  {
    "name": "Isle of Man",
    "capital": "Douglas",
    "region": "Europe",
    "population": 85032,
    "png": "https://flagcdn.com/w320/im.png"
  },
  {
    "name": "Israel",
    "capital": "Jerusalem",
    "region": "Asia",
    "population": 9216900,
    "png": "https://flagcdn.com/w320/il.png"
  },
  {
    "name": "Italy",
    "capital": "Rome",
    "region": "Europe",
    "population": 59554023,
    "png": "https://flagcdn.com/w320/it.png"
  },
  {
    "name": "Jamaica",
    "capital": "Kingston",
    "region": "Americas",
    "population": 2961161,
    "png": "https://flagcdn.com/w320/jm.png"
  },
  {
    "name": "Japan",
    "capital": "Tokyo",
    "region": "Asia",
    "population": 125836021,
    "png": "https://flagcdn.com/w320/jp.png"
  },
  {
    "name": "Jersey",
    "capital": "Saint Helier",
    "region": "Europe",
    "population": 100800,
    "png": "https://flagcdn.com/w320/je.png"
  },
  {
    "name": "Jordan",
    "capital": "Amman",
    "region": "Asia",
    "population": 10203140,
    "png": "https://flagcdn.com/w320/jo.png"
  },
  {
    "name": "Kazakhstan",
    "capital": "Nur-Sultan",
    "region": "Asia",
    "population": 18754440,
    "png": "https://flagcdn.com/w320/kz.png"
  },
  {
    "name": "Kenya",
    "capital": "Nairobi",
    "region": "Africa",
    "population": 53771300,
    "png": "https://flagcdn.com/w320/ke.png"
  },
  {
    "name": "Kiribati",
    "capital": "South Tarawa",
    "region": "Oceania",
    "population": 119446,
    "png": "https://flagcdn.com/w320/ki.png"
  },
  {
    "name": "Kuwait",
    "capital": "Kuwait City",
    "region": "Asia",
    "population": 4270563,
    "png": "https://flagcdn.com/w320/kw.png"
  },
  {
    "name": "Kyrgyzstan",
    "capital": "Bishkek",
    "region": "Asia",
    "population": 6591600,
    "png": "https://flagcdn.com/w320/kg.png"
  },
  {
    "name": "Lao People's Democratic Republic",
    "capital": "Vientiane",
    "region": "Asia",
    "population": 7275556,
    "png": "https://flagcdn.com/w320/la.png"
  },
  {
    "name": "Latvia",
    "capital": "Riga",
    "region": "Europe",
    "population": 1901548,
    "png": "https://flagcdn.com/w320/lv.png"
  },
  {
    "name": "Lebanon",
    "capital": "Beirut",
    "region": "Asia",
    "population": 6825442,
    "png": "https://flagcdn.com/w320/lb.png"
  },
  {
    "name": "Lesotho",
    "capital": "Maseru",
    "region": "Africa",
    "population": 2142252,
    "png": "https://flagcdn.com/w320/ls.png"
  },
  {
    "name": "Liberia",
    "capital": "Monrovia",
    "region": "Africa",
    "population": 5057677,
    "png": "https://flagcdn.com/w320/lr.png"
  },
  {
    "name": "Libya",
    "capital": "Tripoli",
    "region": "Africa",
    "population": 6871287,
    "png": "https://flagcdn.com/w320/ly.png"
  },
  {
    "name": "Liechtenstein",
    "capital": "Vaduz",
    "region": "Europe",
    "population": 38137,
    "png": "https://flagcdn.com/w320/li.png"
  },
  {
    "name": "Lithuania",
    "capital": "Vilnius",
    "region": "Europe",
    "population": 2794700,
    "png": "https://flagcdn.com/w320/lt.png"
  },
  {
    "name": "Luxembourg",
    "capital": "Luxembourg",
    "region": "Europe",
    "population": 632275,
    "png": "https://flagcdn.com/w320/lu.png"
  },
  {
    "name": "Macao",
    "region": "Asia",
    "population": 649342,
    "capital": null,
    "png": "https://flagcdn.com/w320/mo.png"
  },
  {
    "name": "North Macedonia",
    "capital": "Skopje",
    "region": "Europe",
    "population": 2083380,
    "png": "https://flagcdn.com/w320/mk.png"
  },
  {
    "name": "Madagascar",
    "capital": "Antananarivo",
    "region": "Africa",
    "population": 27691019,
    "png": "https://flagcdn.com/w320/mg.png"
  },
  {
    "name": "Malawi",
    "capital": "Lilongwe",
    "region": "Africa",
    "population": 19129955,
    "png": "https://flagcdn.com/w320/mw.png"
  },
  {
    "name": "Malaysia",
    "capital": "Kuala Lumpur",
    "region": "Asia",
    "population": 32365998,
    "png": "https://flagcdn.com/w320/my.png"
  },
  {
    "name": "Maldives",
    "capital": "Malé",
    "region": "Asia",
    "population": 540542,
    "png": "https://flagcdn.com/w320/mv.png"
  },
  {
    "name": "Mali",
    "capital": "Bamako",
    "region": "Africa",
    "population": 20250834,
    "png": "https://flagcdn.com/w320/ml.png"
  },
  {
    "name": "Malta",
    "capital": "Valletta",
    "region": "Europe",
    "population": 525285,
    "png": "https://flagcdn.com/w320/mt.png"
  },
  {
    "name": "Marshall Islands",
    "capital": "Majuro",
    "region": "Oceania",
    "population": 59194,
    "png": "https://flagcdn.com/w320/mh.png"
  },
  {
    "name": "Martinique",
    "capital": "Fort-de-France",
    "region": "Americas",
    "population": 378243,
    "png": "https://flagcdn.com/w320/mq.png"
  },
  {
    "name": "Mauritania",
    "capital": "Nouakchott",
    "region": "Africa",
    "population": 4649660,
    "png": "https://flagcdn.com/w320/mr.png"
  },
  {
    "name": "Mauritius",
    "capital": "Port Louis",
    "region": "Africa",
    "population": 1265740,
    "png": "https://flagcdn.com/w320/mu.png"
  },
  {
    "name": "Mayotte",
    "capital": "Mamoudzou",
    "region": "Africa",
    "population": 226915,
    "png": "https://flagcdn.com/w320/yt.png"
  },
  {
    "name": "Mexico",
    "capital": "Mexico City",
    "region": "Americas",
    "population": 128932753,
    "png": "https://flagcdn.com/w320/mx.png"
  },
  {
    "name": "Micronesia (Federated States of)",
    "capital": "Palikir",
    "region": "Oceania",
    "population": 115021,
    "png": "https://flagcdn.com/w320/fm.png"
  },
  {
    "name": "Moldova (Republic of)",
    "capital": "Chișinău",
    "region": "Europe",
    "population": 2617820,
    "png": "https://flagcdn.com/w320/md.png"
  },
  {
    "name": "Monaco",
    "capital": "Monaco",
    "region": "Europe",
    "population": 39244,
    "png": "https://flagcdn.com/w320/mc.png"
  },
  {
    "name": "Mongolia",
    "capital": "Ulan Bator",
    "region": "Asia",
    "population": 3278292,
    "png": "https://flagcdn.com/w320/mn.png"
  },
  {
    "name": "Montenegro",
    "capital": "Podgorica",
    "region": "Europe",
    "population": 621718,
    "png": "https://flagcdn.com/w320/me.png"
  },
  {
    "name": "Montserrat",
    "capital": "Plymouth",
    "region": "Americas",
    "population": 4922,
    "png": "https://flagcdn.com/w320/ms.png"
  },
  {
    "name": "Morocco",
    "capital": "Rabat",
    "region": "Africa",
    "population": 36910558,
    "png": "https://flagcdn.com/w320/ma.png"
  },
  {
    "name": "Mozambique",
    "capital": "Maputo",
    "region": "Africa",
    "population": 31255435,
    "png": "https://flagcdn.com/w320/mz.png"
  },
  {
    "name": "Myanmar",
    "capital": "Naypyidaw",
    "region": "Asia",
    "population": 54409794,
    "png": "https://flagcdn.com/w320/mm.png"
  },
  {
    "name": "Namibia",
    "capital": "Windhoek",
    "region": "Africa",
    "population": 2540916,
    "png": "https://flagcdn.com/w320/na.png"
  },
  {
    "name": "Nauru",
    "capital": "Yaren",
    "region": "Oceania",
    "population": 10834,
    "png": "https://flagcdn.com/w320/nr.png"
  },
  {
    "name": "Nepal",
    "capital": "Kathmandu",
    "region": "Asia",
    "population": 29136808,
    "png": "https://flagcdn.com/w320/np.png"
  },
  {
    "name": "Netherlands",
    "capital": "Amsterdam",
    "region": "Europe",
    "population": 17441139,
    "png": "https://flagcdn.com/w320/nl.png"
  },
  {
    "name": "New Caledonia",
    "capital": "Nouméa",
    "region": "Oceania",
    "population": 271960,
    "png": "https://flagcdn.com/w320/nc.png"
  },
  {
    "name": "New Zealand",
    "capital": "Wellington",
    "region": "Oceania",
    "population": 5084300,
    "png": "https://flagcdn.com/w320/nz.png"
  },
  {
    "name": "Nicaragua",
    "capital": "Managua",
    "region": "Americas",
    "population": 6624554,
    "png": "https://flagcdn.com/w320/ni.png"
  },
  {
    "name": "Niger",
    "capital": "Niamey",
    "region": "Africa",
    "population": 24206636,
    "png": "https://flagcdn.com/w320/ne.png"
  },
  {
    "name": "Nigeria",
    "capital": "Abuja",
    "region": "Africa",
    "population": 206139587,
    "png": "https://flagcdn.com/w320/ng.png"
  },
  {
    "name": "Niue",
    "capital": "Alofi",
    "region": "Oceania",
    "population": 1470,
    "png": "https://flagcdn.com/w320/nu.png"
  },
  {
    "name": "Norfolk Island",
    "capital": "Kingston",
    "region": "Oceania",
    "population": 2302,
    "png": "https://flagcdn.com/w320/nf.png"
  },
  {
    "name": "Korea (Democratic People's Republic of)",
    "capital": "Pyongyang",
    "region": "Asia",
    "population": 25778815,
    "png": "https://flagcdn.com/w320/kp.png"
  },
  {
    "name": "Northern Mariana Islands",
    "capital": "Saipan",
    "region": "Oceania",
    "population": 57557,
    "png": "https://flagcdn.com/w320/mp.png"
  },
  {
    "name": "Norway",
    "capital": "Oslo",
    "region": "Europe",
    "population": 5379475,
    "png": "https://flagcdn.com/w320/no.png"
  },
  {
    "name": "Oman",
    "capital": "Muscat",
    "region": "Asia",
    "population": 5106622,
    "png": "https://flagcdn.com/w320/om.png"
  },
  {
    "name": "Pakistan",
    "capital": "Islamabad",
    "region": "Asia",
    "population": 220892331,
    "png": "https://flagcdn.com/w320/pk.png"
  },
  {
    "name": "Palau",
    "capital": "Ngerulmud",
    "region": "Oceania",
    "population": 18092,
    "png": "https://flagcdn.com/w320/pw.png"
  },
  {
    "name": "Palestine, State of",
    "capital": "Ramallah",
    "region": "Asia",
    "population": 4803269,
    "png": "https://flagcdn.com/w320/ps.png"
  },
  {
    "name": "Panama",
    "capital": "Panama City",
    "region": "Americas",
    "population": 4314768,
    "png": "https://flagcdn.com/w320/pa.png"
  },
  {
    "name": "Papua New Guinea",
    "capital": "Port Moresby",
    "region": "Oceania",
    "population": 8947027,
    "png": "https://flagcdn.com/w320/pg.png"
  },
  {
    "name": "Paraguay",
    "capital": "Asunción",
    "region": "Americas",
    "population": 7132530,
    "png": "https://flagcdn.com/w320/py.png"
  },
  {
    "name": "Peru",
    "capital": "Lima",
    "region": "Americas",
    "population": 32971846,
    "png": "https://flagcdn.com/w320/pe.png"
  },
  {
    "name": "Philippines",
    "capital": "Manila",
    "region": "Asia",
    "population": 109581085,
    "png": "https://flagcdn.com/w320/ph.png"
  },
  {
    "name": "Pitcairn",
    "capital": "Adamstown",
    "region": "Oceania",
    "population": 56,
    "png": "https://flagcdn.com/w320/pn.png"
  },
  {
    "name": "Poland",
    "capital": "Warsaw",
    "region": "Europe",
    "population": 37950802,
    "png": "https://flagcdn.com/w320/pl.png"
  },
  {
    "name": "Portugal",
    "capital": "Lisbon",
    "region": "Europe",
    "population": 10305564,
    "png": "https://flagcdn.com/w320/pt.png"
  },
  {
    "name": "Puerto Rico",
    "capital": "San Juan",
    "region": "Americas",
    "population": 3194034,
    "png": "https://flagcdn.com/w320/pr.png"
  },
  {
    "name": "Qatar",
    "capital": "Doha",
    "region": "Asia",
    "population": 2881060,
    "png": "https://flagcdn.com/w320/qa.png"
  },
  {
    "name": "Republic of Kosovo",
    "capital": "Pristina",
    "region": "Europe",
    "population": 1775378,
    "png": "https://flagcdn.com/w320/xk.png"
  },
  {
    "name": "Réunion",
    "capital": "Saint-Denis",
    "region": "Africa",
    "population": 840974,
    "png": "https://flagcdn.com/w320/re.png"
  },
  {
    "name": "Romania",
    "capital": "Bucharest",
    "region": "Europe",
    "population": 19286123,
    "png": "https://flagcdn.com/w320/ro.png"
  },
  {
    "name": "Russian Federation",
    "capital": "Moscow",
    "region": "Europe",
    "population": 144104080,
    "png": "https://flagcdn.com/w320/ru.png"
  },
  {
    "name": "Rwanda",
    "capital": "Kigali",
    "region": "Africa",
    "population": 12952209,
    "png": "https://flagcdn.com/w320/rw.png"
  },
  {
    "name": "Saint Barthélemy",
    "capital": "Gustavia",
    "region": "Americas",
    "population": 9417,
    "png": "https://flagcdn.com/w320/bl.png"
  },
  {
    "name": "Saint Helena, Ascension and Tristan da Cunha",
    "capital": "Jamestown",
    "region": "Africa",
    "population": 4255,
    "png": "https://flagcdn.com/w320/sh.png"
  },
  {
    "name": "Saint Kitts and Nevis",
    "capital": "Basseterre",
    "region": "Americas",
    "population": 53192,
    "png": "https://flagcdn.com/w320/kn.png"
  },
  {
    "name": "Saint Lucia",
    "capital": "Castries",
    "region": "Americas",
    "population": 183629,
    "png": "https://flagcdn.com/w320/lc.png"
  },
  {
    "name": "Saint Martin (French part)",
    "capital": "Marigot",
    "region": "Americas",
    "population": 38659,
    "png": "https://flagcdn.com/w320/mf.png"
  },
  {
    "name": "Saint Pierre and Miquelon",
    "capital": "Saint-Pierre",
    "region": "Americas",
    "population": 6069,
    "png": "https://flagcdn.com/w320/pm.png"
  },
  {
    "name": "Saint Vincent and the Grenadines",
    "capital": "Kingstown",
    "region": "Americas",
    "population": 110947,
    "png": "https://flagcdn.com/w320/vc.png"
  },
  {
    "name": "Samoa",
    "capital": "Apia",
    "region": "Oceania",
    "population": 198410,
    "png": "https://flagcdn.com/w320/ws.png"
  },
  {
    "name": "San Marino",
    "capital": "City of San Marino",
    "region": "Europe",
    "population": 33938,
    "png": "https://flagcdn.com/w320/sm.png"
  },
  {
    "name": "Sao Tome and Principe",
    "capital": "São Tomé",
    "region": "Africa",
    "population": 219161,
    "png": "https://flagcdn.com/w320/st.png"
  },
  {
    "name": "Saudi Arabia",
    "capital": "Riyadh",
    "region": "Asia",
    "population": 34813867,
    "png": "https://flagcdn.com/w320/sa.png"
  },
  {
    "name": "Senegal",
    "capital": "Dakar",
    "region": "Africa",
    "population": 16743930,
    "png": "https://flagcdn.com/w320/sn.png"
  },
  {
    "name": "Serbia",
    "capital": "Belgrade",
    "region": "Europe",
    "population": 6908224,
    "png": "https://flagcdn.com/w320/rs.png"
  },
  {
    "name": "Seychelles",
    "capital": "Victoria",
    "region": "Africa",
    "population": 98462,
    "png": "https://flagcdn.com/w320/sc.png"
  },
  {
    "name": "Sierra Leone",
    "capital": "Freetown",
    "region": "Africa",
    "population": 7976985,
    "png": "https://flagcdn.com/w320/sl.png"
  },
  {
    "name": "Singapore",
    "capital": "Singapore",
    "region": "Asia",
    "population": 5685807,
    "png": "https://flagcdn.com/w320/sg.png"
  },
  {
    "name": "Sint Maarten (Dutch part)",
    "capital": "Philipsburg",
    "region": "Americas",
    "population": 40812,
    "png": "https://flagcdn.com/w320/sx.png"
  },
  {
    "name": "Slovakia",
    "capital": "Bratislava",
    "region": "Europe",
    "population": 5458827,
    "png": "https://flagcdn.com/w320/sk.png"
  },
  {
    "name": "Slovenia",
    "capital": "Ljubljana",
    "region": "Europe",
    "population": 2100126,
    "png": "https://flagcdn.com/w320/si.png"
  },
  {
    "name": "Solomon Islands",
    "capital": "Honiara",
    "region": "Oceania",
    "population": 686878,
    "png": "https://flagcdn.com/w320/sb.png"
  },
  {
    "name": "Somalia",
    "capital": "Mogadishu",
    "region": "Africa",
    "population": 15893219,
    "png": "https://flagcdn.com/w320/so.png"
  },
  {
    "name": "South Africa",
    "capital": "Pretoria",
    "region": "Africa",
    "population": 59308690,
    "png": "https://flagcdn.com/w320/za.png"
  },
  {
    "name": "South Georgia and the South Sandwich Islands",
    "capital": "King Edward Point",
    "region": "Americas",
    "population": 30,
    "png": "https://flagcdn.com/w320/gs.png"
  },
  {
    "name": "Korea (Republic of)",
    "capital": "Seoul",
    "region": "Asia",
    "population": 51780579,
    "png": "https://flagcdn.com/w320/kr.png"
  },
  {
    "name": "Spain",
    "capital": "Madrid",
    "region": "Europe",
    "population": 47351567,
    "png": "https://flagcdn.com/w320/es.png"
  },
  {
    "name": "Sri Lanka",
    "capital": "Sri Jayawardenepura Kotte",
    "region": "Asia",
    "population": 21919000,
    "png": "https://flagcdn.com/w320/lk.png"
  },
  {
    "name": "Sudan",
    "capital": "Khartoum",
    "region": "Africa",
    "population": 43849269,
    "png": "https://flagcdn.com/w320/sd.png"
  },
  {
    "name": "South Sudan",
    "capital": "Juba",
    "region": "Africa",
    "population": 11193729,
    "png": "https://flagcdn.com/w320/ss.png"
  },
  {
    "name": "Suriname",
    "capital": "Paramaribo",
    "region": "Americas",
    "population": 586634,
    "png": "https://flagcdn.com/w320/sr.png"
  },
  {
    "name": "Svalbard and Jan Mayen",
    "capital": "Longyearbyen",
    "region": "Europe",
    "population": 2562,
    "png": "https://flagcdn.com/w320/sj.png"
  },
  {
    "name": "Swaziland",
    "capital": "Mbabane",
    "region": "Africa",
    "population": 1160164,
    "png": "https://flagcdn.com/w320/sz.png"
  },
  {
    "name": "Sweden",
    "capital": "Stockholm",
    "region": "Europe",
    "population": 10353442,
    "png": "https://flagcdn.com/w320/se.png"
  },
  {
    "name": "Switzerland",
    "capital": "Bern",
    "region": "Europe",
    "population": 8636896,
    "png": "https://flagcdn.com/w320/ch.png"
  },
  {
    "name": "Syrian Arab Republic",
    "capital": "Damascus",
    "region": "Asia",
    "population": 17500657,
    "png": "https://flagcdn.com/w320/sy.png"
  },
  {
    "name": "Taiwan",
    "capital": "Taipei",
    "region": "Asia",
    "population": 23503349,
    "png": "https://flagcdn.com/w320/tw.png"
  },
  {
    "name": "Tajikistan",
    "capital": "Dushanbe",
    "region": "Asia",
    "population": 9537642,
    "png": "https://flagcdn.com/w320/tj.png"
  },
  {
    "name": "Tanzania, United Republic of",
    "capital": "Dodoma",
    "region": "Africa",
    "population": 59734213,
    "png": "https://flagcdn.com/w320/tz.png"
  },
  {
    "name": "Thailand",
    "capital": "Bangkok",
    "region": "Asia",
    "population": 69799978,
    "png": "https://flagcdn.com/w320/th.png"
  },
  {
    "name": "Timor-Leste",
    "capital": "Dili",
    "region": "Asia",
    "population": 1318442,
    "png": "https://flagcdn.com/w320/tl.png"
  },
  {
    "name": "Togo",
    "capital": "Lomé",
    "region": "Africa",
    "population": 8278737,
    "png": "https://flagcdn.com/w320/tg.png"
  },
  {
    "name": "Tokelau",
    "capital": "Fakaofo",
    "region": "Oceania",
    "population": 1411,
    "png": "https://flagcdn.com/w320/tk.png"
  },
  {
    "name": "Tonga",
    "capital": "Nuku'alofa",
    "region": "Oceania",
    "population": 105697,
    "png": "https://flagcdn.com/w320/to.png"
  },
  {
    "name": "Trinidad and Tobago",
    "capital": "Port of Spain",
    "region": "Americas",
    "population": 1399491,
    "png": "https://flagcdn.com/w320/tt.png"
  },
  {
    "name": "Tunisia",
    "capital": "Tunis",
    "region": "Africa",
    "population": 11818618,
    "png": "https://flagcdn.com/w320/tn.png"
  },
  {
    "name": "Turkey",
    "capital": "Ankara",
    "region": "Asia",
    "population": 84339067,
    "png": "https://flagcdn.com/w320/tr.png"
  },
  {
    "name": "Turkmenistan",
    "capital": "Ashgabat",
    "region": "Asia",
    "population": 6031187,
    "png": "https://flagcdn.com/w320/tm.png"
  },
  {
    "name": "Turks and Caicos Islands",
    "capital": "Cockburn Town",
    "region": "Americas",
    "population": 38718,
    "png": "https://flagcdn.com/w320/tc.png"
  },
  {
    "name": "Tuvalu",
    "capital": "Funafuti",
    "region": "Oceania",
    "population": 11792,
    "png": "https://flagcdn.com/w320/tv.png"
  },
  {
    "name": "Uganda",
    "capital": "Kampala",
    "region": "Africa",
    "population": 45741000,
    "png": "https://flagcdn.com/w320/ug.png"
  },
  {
    "name": "Ukraine",
    "capital": "Kyiv",
    "region": "Europe",
    "population": 44134693,
    "png": "https://flagcdn.com/w320/ua.png"
  },
  {
    "name": "United Arab Emirates",
    "capital": "Abu Dhabi",
    "region": "Asia",
    "population": 9890400,
    "png": "https://flagcdn.com/w320/ae.png"
  },
  {
    "name": "United Kingdom of Great Britain and Northern Ireland",
    "capital": "London",
    "region": "Europe",
    "population": 67215293,
    "png": "https://flagcdn.com/w320/gb.png"
  },
  {
    "name": "United States of America",
    "capital": "Washington, D.C.",
    "region": "Americas",
    "population": 329484123,
    "png": "https://flagcdn.com/w320/us.png"
  },
  {
    "name": "Uruguay",
    "capital": "Montevideo",
    "region": "Americas",
    "population": 3473727,
    "png": "https://flagcdn.com/w320/uy.png"
  },
  {
    "name": "Uzbekistan",
    "capital": "Tashkent",
    "region": "Asia",
    "population": 34232050,
    "png": "https://flagcdn.com/w320/uz.png"
  },
  {
    "name": "Vanuatu",
    "capital": "Port Vila",
    "region": "Oceania",
    "population": 307150,
    "png": "https://flagcdn.com/w320/vu.png"
  },
  {
    "name": "Venezuela (Bolivarian Republic of)",
    "capital": "Caracas",
    "region": "Americas",
    "population": 28435943,
    "png": "https://flagcdn.com/w320/ve.png"
  },
  {
    "name": "Vietnam",
    "capital": "Hanoi",
    "region": "Asia",
    "population": 97338583,
    "png": "https://flagcdn.com/w320/vn.png"
  },
  {
    "name": "Wallis and Futuna",
    "capital": "Mata-Utu",
    "region": "Oceania",
    "population": 11750,
    "png": "https://flagcdn.com/w320/wf.png"
  },
  {
    "name": "Western Sahara",
    "capital": "El Aaiún",
    "region": "Africa",
    "population": 510713,
    "png": "https://flagcdn.com/w320/eh.png"
  },
  {
    "name": "Yemen",
    "capital": "Sana'a",
    "region": "Asia",
    "population": 29825968,
    "png": "https://flagcdn.com/w320/ye.png"
  },
  {
    "name": "Zambia",
    "capital": "Lusaka",
    "region": "Africa",
    "population": 18383956,
    "png": "https://flagcdn.com/w320/zm.png"
  },
  {
    "name": "Zimbabwe",
    "capital": "Harare",
    "region": "Africa",
    "population": 14862927,
    "png": "https://flagcdn.com/w320/zw.png"
  }
]
